{
"id": 0,
"alpha2Code":"AF",
"name":"Afghanistan",
"slug":"afghanistan"
},
{
"id": 1,
"alpha2Code":"AL",
"name":"Albania",
"slug":"albania"
},
{
"id": 2,
"alpha2Code":"DZ",
"name":"Algeria",
"slug":"algeria"
},
{
"id": 3,
"alpha2Code":"AS",
"name":"American Samoa",
"slug":"american-samoa"
},
{
"id": 4,
"alpha2Code":"AD",
"name":"Andorra",
"slug":"andorra"
},
{
"id": 5,
"alpha2Code":"AO",
"name":"Angola",
"slug":"angola"
},
{
"id": 6,
"alpha2Code":"AI",
"name":"Anguilla",
"slug":"anguilla"
},
{
"id": 7,
"alpha2Code":"AG",
"name":"Antigua and Barbuda",
"slug":"antigua-and-barbuda"
},
{
"id": 8,
"alpha2Code":"AR",
"name":"Argentina",
"slug":"argentina"
},
{
"id": 9,
"alpha2Code":"AM",
"name":"Armenia",
"slug":"armenia"
},
{
"id": 10,
"alpha2Code":"AW",
"name":"Aruba",
"slug":"aruba"
},
{
"id": 11,
"alpha2Code":"AU",
"name":"Australia",
"slug":"australia"
},
{
"id": 12,
"alpha2Code":"AT",
"name":"Austria",
"slug":"austria"
},
{
"id": 13,
"alpha2Code":"AZ",
"name":"Azerbaijan",
"slug":"azerbaijan"
},
{
"id": 14,
"alpha2Code":"BS",
"name":"Bahamas",
"slug":"bahamas"
},
{
"id": 15,
"alpha2Code":"BH",
"name":"Bahrain",
"slug":"bahrain"
},
{
"id": 16,
"alpha2Code":"BD",
"name":"Bangladesh",
"slug":"bangladesh"
},
{
"id": 17,
"alpha2Code":"BB",
"name":"Barbados",
"slug":"barbados"
},
{
"id": 18,
"alpha2Code":"BY",
"name":"Belarus",
"slug":"belarus"
},
{
"id": 19,
"alpha2Code":"BE",
"name":"Belgium",
"slug":"belgium"
},
{
"id": 20,
"alpha2Code":"BZ",
"name":"Belize",
"slug":"belize"
},
{
"id": 21,
"alpha2Code":"BJ",
"name":"Benin",
"slug":"benin"
},
{
"id": 22,
"alpha2Code":"BM",
"name":"Bermuda",
"slug":"bermuda"
},
{
"id": 23,
"alpha2Code":"BT",
"name":"Bhutan",
"slug":"bhutan"
},
{
"id": 24,
"alpha2Code":"BO",
"name":"Bolivia",
"slug":"bolivia"
},
{
"id": 25,
"alpha2Code":"BA",
"name":"Bosnia and Herzegovina",
"slug":"bosnia-and-herzegovina"
},
{
"id": 26,
"alpha2Code":"BW",
"name":"Botswana",
"slug":"botswana"
},
{
"id": 27,
"alpha2Code":"BR",
"name":"Brazil",
"slug":"brazil"
},
{
"id": 28,
"alpha2Code":"VG",
"name":"British Virgin Islands",
"slug":"british-virgin-islands"
},
{
"id": 29,
"alpha2Code":"BN",
"name":"Brunei",
"slug":"brunei"
},
{
"id": 30,
"alpha2Code":"BG",
"name":"Bulgaria",
"slug":"bulgaria"
},
{
"id": 31,
"alpha2Code":"BF",
"name":"Burkina Faso",
"slug":"burkina-faso"
},
{
"id": 32,
"alpha2Code":"BI",
"name":"Burundi",
"slug":"burundi"
},
{
"id": 33,
"alpha2Code":"KH",
"name":"Cambodia",
"slug":"cambodia"
},
{
"id": 34,
"alpha2Code":"CM",
"name":"Cameroon",
"slug":"cameroon"
},
{
"id": 35,
"alpha2Code":"CA",
"name":"Canada",
"slug":"canada"
},
{
"id": 36,
"alpha2Code":"CV",
"name":"Cape Verde",
"slug":"cape-verde"
},
{
"id": 37,
"alpha2Code":"BQ",
"name":"Caribbean Netherlands",
"slug":"caribbean-netherlands"
},
{
"id": 38,
"alpha2Code":"KY",
"name":"Cayman Islands",
"slug":"cayman-islands"
},
{
"id": 39,
"alpha2Code":"CF",
"name":"Central African Republic",
"slug":"central-african-republic"
},
{
"id": 40,
"alpha2Code":"TD",
"name":"Chad",
"slug":"chad"
},
{
"id": 41,
"alpha2Code":"CL",
"name":"Chile",
"slug":"chile"
},
{
"id": 42,
"alpha2Code":"CN",
"name":"China",
"slug":"china"
},
{
"id": 43,
"alpha2Code":"CX",
"name":"Christmas Island",
"slug":"christmas-island"
},
{
"id": 44,
"alpha2Code":"CO",
"name":"Colombia",
"slug":"colombia"
},
{
"id": 45,
"alpha2Code":"KM",
"name":"Comoros",
"slug":"comoros"
},
{
"id": 46,
"alpha2Code":"CK",
"name":"Cook Islands",
"slug":"cook-islands"
},
{
"id": 47,
"alpha2Code":"CR",
"name":"Costa Rica",
"slug":"costa-rica"
},
{
"id": 48,
"alpha2Code":"HR",
"name":"Croatia",
"slug":"croatia"
},
{
"id": 49,
"alpha2Code":"CU",
"name":"Cuba",
"slug":"cuba"
},
{
"id": 50,
"alpha2Code":"CW",
"name":"Curaçao",
"slug":"curacao"
},
{
"id": 51,
"alpha2Code":"CY",
"name":"Cyprus",
"slug":"cyprus"
},
{
"id": 52,
"alpha2Code":"CZ",
"name":"Czech Republic",
"slug":"czech-republic"
},
{
"id": 53,
"alpha2Code":"DK",
"name":"Denmark",
"slug":"denmark"
},
{
"id": 54,
"alpha2Code":"DJ",
"name":"Djibouti",
"slug":"djibouti"
},
{
"id": 55,
"alpha2Code":"DM",
"name":"Dominica",
"slug":"dominica"
},
{
"id": 56,
"alpha2Code":"DO",
"name":"Dominican Republic",
"slug":"dominican-republic"
},
{
"id": 57,
"alpha2Code":"CD",
"name":"DR Congo",
"slug":"dr-congo"
},
{
"id": 58,
"alpha2Code":"EC",
"name":"Ecuador",
"slug":"ecuador"
},
{
"id": 59,
"alpha2Code":"EG",
"name":"Egypt",
"slug":"egypt"
},
{
"id": 60,
"alpha2Code":"SV",
"name":"El Salvador",
"slug":"el-salvador"
},
{
"id": 61,
"alpha2Code":"GQ",
"name":"Equatorial Guinea",
"slug":"equatorial-guinea"
},
{
"id": 62,
"alpha2Code":"ER",
"name":"Eritrea",
"slug":"eritrea"
},
{
"id": 63,
"alpha2Code":"EE",
"name":"Estonia",
"slug":"estonia"
},
{
"id": 64,
"alpha2Code":"ET",
"name":"Ethiopia",
"slug":"ethiopia"
},
{
"id": 65,
"alpha2Code":"FK",
"name":"Falkland Islands",
"slug":"falkland-islands"
},
{
"id": 66,
"alpha2Code":"FO",
"name":"Faroe Islands",
"slug":"faroe-islands"
},
{
"id": 67,
"alpha2Code":"FJ",
"name":"Fiji",
"slug":"fiji"
},
{
"id": 68,
"alpha2Code":"FI",
"name":"Finland",
"slug":"finland"
},
{
"id": 69,
"alpha2Code":"FR",
"name":"France",
"slug":"france"
},
{
"id": 70,
"alpha2Code":"GF",
"name":"French Guiana",
"slug":"french-guiana"
},
{
"id": 71,
"alpha2Code":"PF",
"name":"French Polynesia",
"slug":"french-polynesia"
},
{
"id": 72,
"alpha2Code":"GA",
"name":"Gabon",
"slug":"gabon"
},
{
"id": 73,
"alpha2Code":"GM",
"name":"Gambia",
"slug":"gambia"
},
{
"id": 74,
"alpha2Code":"GE",
"name":"Georgia",
"slug":"georgia"
},
{
"id": 75,
"alpha2Code":"DE",
"name":"Germany",
"slug":"germany"
},
{
"id": 76,
"alpha2Code":"GH",
"name":"Ghana",
"slug":"ghana"
},
{
"id": 77,
"alpha2Code":"GI",
"name":"Gibraltar",
"slug":"gibraltar"
},
{
"id": 78,
"alpha2Code":"GR",
"name":"Greece",
"slug":"greece"
},
{
"id": 79,
"alpha2Code":"GL",
"name":"Greenland",
"slug":"greenland"
},
{
"id": 80,
"alpha2Code":"GD",
"name":"Grenada",
"slug":"grenada"
},
{
"id": 81,
"alpha2Code":"GP",
"name":"Guadeloupe",
"slug":"guadeloupe"
},
{
"id": 82,
"alpha2Code":"GU",
"name":"Guam",
"slug":"guam"
},
{
"id": 83,
"alpha2Code":"GT",
"name":"Guatemala",
"slug":"guatemala"
},
{
"id": 84,
"alpha2Code":"GN",
"name":"Guinea",
"slug":"guinea"
},
{
"id": 85,
"alpha2Code":"GW",
"name":"Guinea-Bissau",
"slug":"guinea-bissau"
},
{
"id": 86,
"alpha2Code":"GY",
"name":"Guyana",
"slug":"guyana"
},
{
"id": 87,
"alpha2Code":"HT",
"name":"Haiti",
"slug":"haiti"
},
{
"id": 88,
"alpha2Code":"HN",
"name":"Honduras",
"slug":"honduras"
},
{
"id": 89,
"alpha2Code":"HK",
"name":"Hong Kong",
"slug":"hong-kong"
},
{
"id": 90,
"alpha2Code":"HU",
"name":"Hungary",
"slug":"hungary"
},
{
"id": 91,
"alpha2Code":"IS",
"name":"Iceland",
"slug":"iceland"
},
{
"id": 92,
"alpha2Code":"IN",
"name":"India",
"slug":"india"
},
{
"id": 93,
"alpha2Code":"ID",
"name":"Indonesia",
"slug":"indonesia"
},
{
"id": 94,
"alpha2Code":"IR",
"name":"Iran",
"slug":"iran"
},
{
"id": 95,
"alpha2Code":"IQ",
"name":"Iraq",
"slug":"iraq"
},
{
"id": 96,
"alpha2Code":"IE",
"name":"Ireland",
"slug":"ireland"
},
{
"id": 97,
"alpha2Code":"IL",
"name":"Israel",
"slug":"israel"
},
{
"id": 98,
"alpha2Code":"IT",
"name":"Italy",
"slug":"italy"
},
{
"id": 99,
"alpha2Code":"CI",
"name":"Ivory Coast",
"slug":"ivory-coast"
},
{
"id": 100,
"alpha2Code":"JM",
"name":"Jamaica",
"slug":"jamaica"
},
{
"id": 101,
"alpha2Code":"JP",
"name":"Japan",
"slug":"japan"
},
{
"id": 102,
"alpha2Code":"JO",
"name":"Jordan",
"slug":"jordan"
},
{
"id": 103,
"alpha2Code":"KZ",
"name":"Kazakhstan",
"slug":"kazakhstan"
},
{
"id": 104,
"alpha2Code":"KE",
"name":"Kenya",
"slug":"kenya"
},
{
"id": 105,
"alpha2Code":"KI",
"name":"Kiribati",
"slug":"kiribati"
},
{
"id": 106,
"alpha2Code":"KW",
"name":"Kuwait",
"slug":"kuwait"
},
{
"id": 107,
"alpha2Code":"KG",
"name":"Kyrgyzstan",
"slug":"kyrgyzstan"
},
{
"id": 108,
"alpha2Code":"LA",
"name":"Laos",
"slug":"laos"
},
{
"id": 109,
"alpha2Code":"LV",
"name":"Latvia",
"slug":"latvia"
},
{
"id": 110,
"alpha2Code":"LB",
"name":"Lebanon",
"slug":"lebanon"
},
{
"id": 111,
"alpha2Code":"LS",
"name":"Lesotho",
"slug":"lesotho"
},
{
"id": 112,
"alpha2Code":"LR",
"name":"Liberia",
"slug":"liberia"
},
{
"id": 113,
"alpha2Code":"LY",
"name":"Libya",
"slug":"libya"
},
{
"id": 114,
"alpha2Code":"LI",
"name":"Liechtenstein",
"slug":"liechtenstein"
},
{
"id": 115,
"alpha2Code":"LT",
"name":"Lithuania",
"slug":"lithuania"
},
{
"id": 116,
"alpha2Code":"LU",
"name":"Luxembourg",
"slug":"luxembourg"
},
{
"id": 117,
"alpha2Code":"MO",
"name":"Macau",
"slug":"macau"
},
{
"id": 118,
"alpha2Code":"MK",
"name":"Macedonia",
"slug":"macedonia"
},
{
"id": 119,
"alpha2Code":"MG",
"name":"Madagascar",
"slug":"madagascar"
},
{
"id": 120,
"alpha2Code":"MW",
"name":"Malawi",
"slug":"malawi"
},
{
"id": 121,
"alpha2Code":"MY",
"name":"Malaysia",
"slug":"malaysia"
},
{
"id": 122,
"alpha2Code":"MV",
"name":"Maldives",
"slug":"maldives"
},
{
"id": 123,
"alpha2Code":"ML",
"name":"Mali",
"slug":"mali"
},
{
"id": 124,
"alpha2Code":"MT",
"name":"Malta",
"slug":"malta"
},
{
"id": 125,
"alpha2Code":"MH",
"name":"Marshall Islands",
"slug":"marshall-islands"
},
{
"id": 126,
"alpha2Code":"MQ",
"name":"Martinique",
"slug":"martinique"
},
{
"id": 127,
"alpha2Code":"MR",
"name":"Mauritania",
"slug":"mauritania"
},
{
"id": 128,
"alpha2Code":"MU",
"name":"Mauritius",
"slug":"mauritius"
},
{
"id": 129,
"alpha2Code":"YT",
"name":"Mayotte",
"slug":"mayotte"
},
{
"id": 130,
"alpha2Code":"MX",
"name":"Mexico",
"slug":"mexico"
},
{
"id": 131,
"alpha2Code":"FM",
"name":"Micronesia",
"slug":"micronesia"
},
{
"id": 132,
"alpha2Code":"MD",
"name":"Moldova",
"slug":"moldova"
},
{
"id": 133,
"alpha2Code":"MC",
"name":"Monaco",
"slug":"monaco"
},
{
"id": 134,
"alpha2Code":"MN",
"name":"Mongolia",
"slug":"mongolia"
},
{
"id": 135,
"alpha2Code":"ME",
"name":"Montenegro",
"slug":"montenegro"
},
{
"id": 137,
"alpha2Code":"MA",
"name":"Morocco",
"slug":"morocco"
},
{
"id": 138,
"alpha2Code":"MZ",
"name":"Mozambique",
"slug":"mozambique"
},
{
"id": 139,
"alpha2Code":"MM",
"name":"Myanmar",
"slug":"myanmar"
},
{
"id": 140,
"alpha2Code":"NA",
"name":"Namibia",
"slug":"namibia"
},
{
"id": 141,
"alpha2Code":"NR",
"name":"Nauru",
"slug":"nauru"
},
{
"id": 142,
"alpha2Code":"NP",
"name":"Nepal",
"slug":"nepal"
},
{
"id": 143,
"alpha2Code":"NL",
"name":"Netherlands",
"slug":"netherlands"
},
{
"id": 144,
"alpha2Code":"NC",
"name":"New Caledonia",
"slug":"new-caledonia"
},
{
"id": 145,
"alpha2Code":"NZ",
"name":"New Zealand",
"slug":"new-zealand"
},
{
"id": 146,
"alpha2Code":"NI",
"name":"Nicaragua",
"slug":"nicaragua"
},
{
"id": 147,
"alpha2Code":"NE",
"name":"Niger",
"slug":"niger"
},
{
"id": 148,
"alpha2Code":"NG",
"name":"Nigeria",
"slug":"nigeria"
},
{
"id": 149,
"alpha2Code":"NU",
"name":"Niue",
"slug":"niue"
},
{
"id": 150,
"alpha2Code":"KP",
"name":"North Korea",
"slug":"north-korea"
},
{
"id": 151,
"alpha2Code":"MP",
"name":"Northern Mariana Islands",
"slug":"northern-mariana-islands"
},
{
"id": 152,
"alpha2Code":"NO",
"name":"Norway",
"slug":"norway"
},
{
"id": 153,
"alpha2Code":"OM",
"name":"Oman",
"slug":"oman"
},
{
"id": 154,
"alpha2Code":"PK",
"name":"Pakistan",
"slug":"pakistan"
},
{
"id": 155,
"alpha2Code":"PW",
"name":"Palau",
"slug":"palau"
},
{
"id": 156,
"alpha2Code":"PS",
"name":"Palestine",
"slug":"palestine"
},
{
"id": 157,
"alpha2Code":"PA",
"name":"Panama",
"slug":"panama"
},
{
"id": 158,
"alpha2Code":"PG",
"name":"Papua New Guinea",
"slug":"papua-new-guinea"
},
{
"id": 159,
"alpha2Code":"PY",
"name":"Paraguay",
"slug":"paraguay"
},
{
"id": 160,
"alpha2Code":"PE",
"name":"Peru",
"slug":"peru"
},
{
"id": 161,
"alpha2Code":"PH",
"name":"Philippines",
"slug":"philippines"
},
{
"id": 162,
"alpha2Code":"PL",
"name":"Poland",
"slug":"poland"
},
{
"id": 163,
"alpha2Code":"PT",
"name":"Portugal",
"slug":"portugal"
},
{
"id": 164,
"alpha2Code":"PR",
"name":"Puerto Rico",
"slug":"puerto-rico"
},
{
"id": 165,
"alpha2Code":"QA",
"name":"Qatar",
"slug":"qatar"
},
{
"id": 166,
"alpha2Code":"CG",
"name":"Republic of the Congo",
"slug":"republic-of-the-congo"
},
{
"id": 167,
"alpha2Code":"RE",
"name":"Réunion",
"slug":"reunion"
},
{
"id": 168,
"alpha2Code":"RO",
"name":"Romania",
"slug":"romania"
},
{
"id": 169,
"alpha2Code":"RU",
"name":"Russia",
"slug":"russia"
},
{
"id": 170,
"alpha2Code":"RW",
"name":"Rwanda",
"slug":"rwanda"
},
{
"id": 171,
"alpha2Code":"BL",
"name":"Saint Barthélemy",
"slug":"saint-barthelemy"
},
{
"id": 172,
"alpha2Code":"KN",
"name":"Saint Kitts and Nevis",
"slug":"saint-kitts-and-nevis"
},
{
"id": 173,
"alpha2Code":"LC",
"name":"Saint Lucia",
"slug":"saint-lucia"
},
{
"id": 174,
"alpha2Code":"MF",
"name":"Saint Martin",
"slug":"saint-martin"
},
{
"id": 175,
"alpha2Code":"PM",
"name":"Saint Pierre and Miquelon",
"slug":"saint-pierre-and-miquelon"
},
{
"id": 176,
"alpha2Code":"VC",
"name":"Saint Vincent and the Grenadines",
"slug":"saint-vincent-and-the-grenadines"
},
{
"id": 177,
"alpha2Code":"WS",
"name":"Samoa",
"slug":"samoa"
},
{
"id": 178,
"alpha2Code":"SM",
"name":"San Marino",
"slug":"san-marino"
},
{
"id": 179,
"alpha2Code":"ST",
"name":"São Tomé and Príncipe",
"slug":"sao-tome-and-principe"
},
{
"id": 180,
"alpha2Code":"SA",
"name":"Saudi Arabia",
"slug":"saudi-arabia"
},
{
"id": 181,
"alpha2Code":"SN",
"name":"Senegal",
"slug":"senegal"
},
{
"id": 182,
"alpha2Code":"RS",
"name":"Serbia",
"slug":"serbia"
},
{
"id": 183,
"alpha2Code":"SC",
"name":"Seychelles",
"slug":"seychelles"
},
{
"id": 184,
"alpha2Code":"SL",
"name":"Sierra Leone",
"slug":"sierra-leone"
},
{
"id": 185,
"alpha2Code":"SG",
"name":"Singapore",
"slug":"singapore"
},
{
"id": 186,
"alpha2Code":"SX",
"name":"Sint Maarten",
"slug":"sint-maarten"
},
{
"id": 187,
"alpha2Code":"SK",
"name":"Slovakia",
"slug":"slovakia"
},
{
"id": 188,
"alpha2Code":"SI",
"name":"Slovenia",
"slug":"slovenia"
},
{
"id": 189,
"alpha2Code":"SB",
"name":"Solomon Islands",
"slug":"solomon-islands"
},
{
"id": 190,
"alpha2Code":"SO",
"name":"Somalia",
"slug":"somalia"
},
{
"id": 191,
"alpha2Code":"ZA",
"name":"South Africa",
"slug":"south-africa"
},
{
"id": 192,
"alpha2Code":"KR",
"name":"South Korea",
"slug":"south-korea"
},
{
"id": 193,
"alpha2Code":"ES",
"name":"Spain",
"slug":"spain"
},
{
"id": 194,
"alpha2Code":"LK",
"name":"Sri Lanka",
"slug":"sri-lanka"
},
{
"id": 195,
"alpha2Code":"SD",
"name":"Sudan",
"slug":"sudan"
},
{
"id": 196,
"alpha2Code":"SR",
"name":"Suriname",
"slug":"suriname"
},
{
"id": 197,
"alpha2Code":"SZ",
"name":"Swaziland",
"slug":"swaziland"
},
{
"id": 198,
"alpha2Code":"SE",
"name":"Sweden",
"slug":"sweden"
},
{
"id": 199,
"alpha2Code":"CH",
"name":"Switzerland",
"slug":"switzerland"
},
{
"id": 200,
"alpha2Code":"SY",
"name":"Syria",
"slug":"syria"
},
{
"id": 201,
"alpha2Code":"TW",
"name":"Taiwan",
"slug":"taiwan"
},
{
"id": 202,
"alpha2Code":"TJ",
"name":"Tajikistan",
"slug":"tajikistan"
},
{
"id": 203,
"alpha2Code":"TZ",
"name":"Tanzania",
"slug":"tanzania"
},
{
"id": 204,
"alpha2Code":"TH",
"name":"Thailand",
"slug":"thailand"
},
{
"id": 205,
"alpha2Code":"TL",
"name":"Timor-Leste",
"slug":"timor-leste"
},
{
"id": 206,
"alpha2Code":"TG",
"name":"Togo",
"slug":"togo"
},
{
"id": 207,
"alpha2Code":"TK",
"name":"Tokelau",
"slug":"tokelau"
},
{
"id": 208,
"alpha2Code":"TO",
"name":"Tonga",
"slug":"tonga"
},
{
"id": 209,
"alpha2Code":"TT",
"name":"Trinidad and Tobago",
"slug":"trinidad-and-tobago"
},
{
"id": 210,
"alpha2Code":"TN",
"name":"Tunisia",
"slug":"tunisia"
},
{
"id": 211,
"alpha2Code":"TR",
"name":"Turkey",
"slug":"turkey"
},
{
"id": 212,
"alpha2Code":"TM",
"name":"Turkmenistan",
"slug":"turkmenistan"
},
{
"id": 213,
"alpha2Code":"TC",
"name":"Turks and Caicos Islands",
"slug":"turks-and-caicos-islands"
},
{
"id": 214,
"alpha2Code":"TV",
"name":"Tuvalu",
"slug":"tuvalu"
},
{
"id": 215,
"alpha2Code":"UG",
"name":"Uganda",
"slug":"uganda"
},
{
"id": 216,
"alpha2Code":"UA",
"name":"Ukraine",
"slug":"ukraine"
},
{
"id": 217,
"alpha2Code":"AE",
"name":"United Arab Emirates",
"slug":"united-arab-emirates"
},
{
"id": 218,
"alpha2Code":"GB",
"name":"United Kingdom",
"slug":"united-kingdom"
},
{
"id": 219,
"alpha2Code":"US",
"name":"United States",
"slug":"united-states"
},
{
"id": 220,
"alpha2Code":"VI",
"name":"United States Virgin Islands",
"slug":"united-states-virgin-islands"
},
{
"id": 221,
"alpha2Code":"UY",
"name":"Uruguay",
"slug":"uruguay"
},
{
"id": 222,
"alpha2Code":"UZ",
"name":"Uzbekistan",
"slug":"uzbekistan"
},
{
"id": 223,
"alpha2Code":"VU",
"name":"Vanuatu",
"slug":"vanuatu"
},
{
"id": 224,
"alpha2Code":"VA",
"name":"Vatican City",
"slug":"vatican-city"
},
{
"id": 225,
"alpha2Code":"VE",
"name":"Venezuela",
"slug":"venezuela"
},
{
"id": 226,
"alpha2Code":"VN",
"name":"Vietnam",
"slug":"vietnam"
},
{
"id": 227,
"alpha2Code":"WF",
"name":"Wallis and Futuna",
"slug":"wallis-and-futuna"
},
{
"id": 228,
"alpha2Code":"EH",
"name":"Western Sahara",
"slug":"western-sahara"
},
{
"id": 229,
"alpha2Code":"YE",
"name":"Yemen",
"slug":"yemen"
},
{
"id": 230,
"alpha2Code":"ZM",
"name":"Zambia",
"slug":"zambia"
},
{
"id": 231,
"alpha2Code":"ZW",
"name":"Zimbabwe",
"slug":"zimbabwe"
}
